BB78b,Caco2_Ctrl_2A,CATCAATC,Homo sapiens,5
BB78b,Caco2_ETO_2B,GTCGTATC,Homo sapiens,6
BB79b,Caco2_EcoliWT_2C,ACGACATC,Homo sapiens,7
BB79b,Caco2_EcoliMut_2D,TGATGATC,Homo sapiens,8
BB80b,FT259_Ctrl_5A,CATCACGC,Homo sapiens,1
BB80b,FT259_ChlamTra_5C,ACGACCGC,Homo sapiens,3
BB81b,FT259_Ctrl_5A,CATCACGC,Homo sapiens,1
BB81b,FT259_ETO_5B,GTCGTCGC,Homo sapiens,2
BB81b,FT259_H2O2_5D,TGATGCGC,Homo sapiens,4
BB82,Caco2_Ctrl_3A,CATCAATC,Homo sapiens,5
BB82,Caco2_ETO_3B,GTCGTATC,Homo sapiens,6
BB83,Caco2_EcoliWT_3C,ACGACATC,Homo sapiens,7
BB83,Caco2_EcoliMut_3D,TGATGATC,Homo sapiens,8
BB84,FT261_Ctrl_4A,CATCACGC,Homo sapiens,1
BB84,FT261_ETO_4B,GTCGTCGC,Homo sapiens,2
BB84,FT261_ChlamTra_4C,ACGACCGC,Homo sapiens,3
BB85,FT271_Ctrl_6A,CATCACGC,Homo sapiens,1
BB85,FT271_ChlamTra_6C,ACGACCGC,Homo sapiens,3
BB86,FT271_Ctrl_6A,CATCACGC,Homo sapiens,1
BB86,FT271_ETO_6B,GTCGTCGC,Homo sapiens,2
BB86,FT271_H2O2_6D,TGATGCGC,Homo sapiens,4
BB89,Cali_D8_HF_rp1,TGATGATC,Homo sapiens,8
BB89,Cali_E9_HF_rp1,CATCATCC,Homo sapiens,9
BB89,Cali_E10_HF_rp1,GTCGTTCC,Homo sapiens,10
BB90,Cali_D8_HF_rp2,TGATGATC,Homo sapiens,8
BB90,Cali_E9_HF_rp2,CATCATCC,Homo sapiens,9
BB90,Cali_E10_HF_rp2,GTCGTTCC,Homo sapiens,10
BB91,Cali_D8_HF_rp3,TGATGATC,Homo sapiens,8
BB91,Cali_E9_HF_rp3,CATCATCC,Homo sapiens,9
BB91,Cali_E10_HF_rp3,GTCGTTCC,Homo sapiens,10
BB92,Cali_D8_Ultra_rp1,TGATGATC,Homo sapiens,8
BB92,Cali_E9_Ultra_rp1,CATCATCC,Homo sapiens,9
BB92,Cali_E10_Ultra_rp1,GTCGTTCC,Homo sapiens,10
BB93,Cali_D8_Ultra_rp2,TGATGATC,Homo sapiens,8
BB93,Cali_E9_Ultra_rp2,CATCATCC,Homo sapiens,9
BB93,Cali_E10_Ultra_rp2,GTCGTTCC,Homo sapiens,10
BB94,Cali_D8_Ultra_rp3,TGATGATC,Homo sapiens,8
BB94,Cali_E9_Ultra_rp3,CATCATCC,Homo sapiens,9
BB94,Cali_E10_Ultra_rp3,GTCGTTCC,Homo sapiens,10
BB95,Cali_D8_100_a,TGATGATC,Homo sapiens,8
BB95,Cali_E9_100_a,CATCATCC,Homo sapiens,9
BB95,Cali_E10_10_a,GTCGTTCC,Homo sapiens,10
BB96,Cali_D8_100_b,TGATGATC,Homo sapiens,8
BB96,Cali_E9_10_b,CATCATCC,Homo sapiens,9
BB96,Cali_E10_100_b,GTCGTTCC,Homo sapiens,10
BB97,Cali_D8_100_c,TGATGATC,Homo sapiens,8
BB97,Cali_E9_100_c,CATCATCC,Homo sapiens,9
BB97,Cali_E10_100_c,GTCGTTCC,Homo sapiens,10
BB98,DivA_4OHT_100,GTCGTCGC,Homo sapiens,2
BB98,DivA_TK6_50_50,ACGACCGC,Homo sapiens,3
BB98,DivA_TK6_25_75,TGATGCGC,Homo sapiens,4
BB98,DivA_TK6_10_90,CATCAATC,Homo sapiens,5
BB98,DivA_TK6_5_95,GTCGTATC,Homo sapiens,6
BB98,DivA_TK6_1_99,ACGACATC,Homo sapiens,7
BB98,TK6_100,CATCACGC,Homo sapiens,1
BB99,TK6_DMSO_DivA_rp1,GTCGTCGC,Homo sapiens,2
BB99,TK6_ETO_DivA_rp1,ACGACCGC,Homo sapiens,3
BB100,TK6_DMSO_DivA_rp2,GTCGTCGC,Homo sapiens,2
BB100,TK6_ETO_DivA_rp2,ACGACCGC,Homo sapiens,3
BB101,Milan_1_77,CATCACGC,Homo sapiens,1
BB101,Milan_2_79,GTCGTCGC,Homo sapiens,2
BB101,Milan_3_01,ACGACCGC,Homo sapiens,3
BB101,Milan_4_03,TGATGCGC,Homo sapiens,4
BB101,Milan_5_04,CATCAATC,Homo sapiens,5
